Sexo;Origen del inmigrante;Grupos de edad;Total
Total;Total;Total;4526522
Total;Total;De 16 a 19 años;246622
Total;Total;De 20 a 24 años;428323
Total;Total;De 25 a 29 años;684482
Total;Total;De 30 a 34 años;720478
Total;Total;De 35 a 39 años;667852
Total;Total;De 40 a 44 años;524327
Total;Total;De 45 a 49 años;358267
Total;Total;De 50 a 54 años;235873
Total;Total;De 55 a 59 años;184632
Total;Total;De 60 a 64 años;146127
Total;Total;De 65 a 69 años;122686
Total;Total;De 70 a 74 años;84417
Total;Total;De 75 a 79 años;54342
Total;Total;De 80 a 84 años;31371
Total;Total;85 y más años;18598
Total;Total;No sabe la edad;18125
Total;PAÍSES EUROPEOS SIN ESPAÑA;Total;1721475
Total;PAÍSES EUROPEOS SIN ESPAÑA;De 16 a 19 años;67040
Total;PAÍSES EUROPEOS SIN ESPAÑA;De 20 a 24 años;137574
Total;PAÍSES EUROPEOS SIN ESPAÑA;De 25 a 29 años;232321
Total;PAÍSES EUROPEOS SIN ESPAÑA;De 30 a 34 años;247270
Total;PAÍSES EUROPEOS SIN ESPAÑA;De 35 a 39 años;255072
Total;PAÍSES EUROPEOS SIN ESPAÑA;De 40 a 44 años;198430
Total;PAÍSES EUROPEOS SIN ESPAÑA;De 45 a 49 años;128643
Total;PAÍSES EUROPEOS SIN ESPAÑA;De 50 a 54 años;84921
Total;PAÍSES EUROPEOS SIN ESPAÑA;De 55 a 59 años;94155
Total;PAÍSES EUROPEOS SIN ESPAÑA;De 60 a 64 años;90826
Total;PAÍSES EUROPEOS SIN ESPAÑA;De 65 a 69 años;77662
Total;PAÍSES EUROPEOS SIN ESPAÑA;De 70 a 74 años;48106
Total;PAÍSES EUROPEOS SIN ESPAÑA;De 75 a 79 años;30651
Total;PAÍSES EUROPEOS SIN ESPAÑA;De 80 a 84 años;16636
Total;PAÍSES EUROPEOS SIN ESPAÑA;85 y más años;10325
Total;PAÍSES EUROPEOS SIN ESPAÑA;No sabe la edad;1842
Total;UE 27 SIN ESPAÑA;Total;1507115
Total;UE 27 SIN ESPAÑA;De 16 a 19 años;51643
Total;UE 27 SIN ESPAÑA;De 20 a 24 años;120967
Total;UE 27 SIN ESPAÑA;De 25 a 29 años;197091
Total;UE 27 SIN ESPAÑA;De 30 a 34 años;217205
Total;UE 27 SIN ESPAÑA;De 35 a 39 años;217711
Total;UE 27 SIN ESPAÑA;De 40 a 44 años;169515
Total;UE 27 SIN ESPAÑA;De 45 a 49 años;114592
Total;UE 27 SIN ESPAÑA;De 50 a 54 años;72573
Total;UE 27 SIN ESPAÑA;De 55 a 59 años;82794
Total;UE 27 SIN ESPAÑA;De 60 a 64 años;86479
Total;UE 27 SIN ESPAÑA;De 65 a 69 años;74551
Total;UE 27 SIN ESPAÑA;De 70 a 74 años;44626
Total;UE 27 SIN ESPAÑA;De 75 a 79 años;29757
Total;UE 27 SIN ESPAÑA;De 80 a 84 años;15971
Total;UE 27 SIN ESPAÑA;85 y más años;9798
Total;UE 27 SIN ESPAÑA;No sabe la edad;1842
Total;Reino Unido;Total;269470
Total;Reino Unido;De 16 a 19 años;6448
Total;Reino Unido;De 20 a 24 años;5023
Total;Reino Unido;De 25 a 29 años;10225
Total;Reino Unido;De 30 a 34 años;13798
Total;Reino Unido;De 35 a 39 años;19796
Total;Reino Unido;De 40 a 44 años;23612
Total;Reino Unido;De 45 a 49 años;29768
Total;Reino Unido;De 50 a 54 años;24018
Total;Reino Unido;De 55 a 59 años;31941
Total;Reino Unido;De 60 a 64 años;36839
Total;Reino Unido;De 65 a 69 años;27419
Total;Reino Unido;De 70 a 74 años;19893
Total;Reino Unido;De 75 a 79 años;9817
Total;Reino Unido;De 80 a 84 años;8332
Total;Reino Unido;85 y más años;2539
Total;Reino Unido;No sabe la edad;0
Total;Alemania;Total;159922
Total;Alemania;De 16 a 19 años;1610
Total;Alemania;De 20 a 24 años;7187
Total;Alemania;De 25 a 29 años;10532
Total;Alemania;De 30 a 34 años;27801
Total;Alemania;De 35 a 39 años;27698
Total;Alemania;De 40 a 44 años;23872
Total;Alemania;De 45 a 49 años;7217
Total;Alemania;De 50 a 54 años;6505
Total;Alemania;De 55 a 59 años;10782
Total;Alemania;De 60 a 64 años;8447
Total;Alemania;De 65 a 69 años;15725
Total;Alemania;De 70 a 74 años;7082
Total;Alemania;De 75 a 79 años;2561
Total;Alemania;De 80 a 84 años;1194
Total;Alemania;85 y más años;1708
Total;Alemania;No sabe la edad;0
Total;Rumanía y Bulgaria;Total;530786
Total;Rumanía y Bulgaria;De 16 a 19 años;33736
Total;Rumanía y Bulgaria;De 20 a 24 años;81967
Total;Rumanía y Bulgaria;De 25 a 29 años;117812
Total;Rumanía y Bulgaria;De 30 a 34 años;102190
Total;Rumanía y Bulgaria;De 35 a 39 años;84135
Total;Rumanía y Bulgaria;De 40 a 44 años;41405
Total;Rumanía y Bulgaria;De 45 a 49 años;36191
Total;Rumanía y Bulgaria;De 50 a 54 años;19318
Total;Rumanía y Bulgaria;De 55 a 59 años;8112
Total;Rumanía y Bulgaria;De 60 a 64 años;3171
Total;Rumanía y Bulgaria;De 65 a 69 años;696
Total;Rumanía y Bulgaria;De 70 a 74 años;313
Total;Rumanía y Bulgaria;De 75 a 79 años;0
Total;Rumanía y Bulgaria;De 80 a 84 años;0
Total;Rumanía y Bulgaria;85 y más años;0
Total;Rumanía y Bulgaria;No sabe la edad;1739
Total;Resto UE 27 sin España;Total;546938
Total;Resto UE 27 sin España;De 16 a 19 años;9849
Total;Resto UE 27 sin España;De 20 a 24 años;26790
Total;Resto UE 27 sin España;De 25 a 29 años;58522
Total;Resto UE 27 sin España;De 30 a 34 años;73416
Total;Resto UE 27 sin España;De 35 a 39 años;86081
Total;Resto UE 27 sin España;De 40 a 44 años;80626
Total;Resto UE 27 sin España;De 45 a 49 años;41416
Total;Resto UE 27 sin España;De 50 a 54 años;22732
Total;Resto UE 27 sin España;De 55 a 59 años;31959
Total;Resto UE 27 sin España;De 60 a 64 años;38022
Total;Resto UE 27 sin España;De 65 a 69 años;30711
Total;Resto UE 27 sin España;De 70 a 74 años;17337
Total;Resto UE 27 sin España;De 75 a 79 años;17379
Total;Resto UE 27 sin España;De 80 a 84 años;6444
Total;Resto UE 27 sin España;85 y más años;5552
Total;Resto UE 27 sin España;No sabe la edad;103
Total;Resto países europeos sin España;Total;214360
Total;Resto países europeos sin España;De 16 a 19 años;15397
Total;Resto países europeos sin España;De 20 a 24 años;16607
Total;Resto países europeos sin España;De 25 a 29 años;35230
Total;Resto países europeos sin España;De 30 a 34 años;30066
Total;Resto países europeos sin España;De 35 a 39 años;37361
Total;Resto países europeos sin España;De 40 a 44 años;28914
Total;Resto países europeos sin España;De 45 a 49 años;14050
Total;Resto países europeos sin España;De 50 a 54 años;12348
Total;Resto países europeos sin España;De 55 a 59 años;11361
Total;Resto países europeos sin España;De 60 a 64 años;4347
Total;Resto países europeos sin España;De 65 a 69 años;3111
Total;Resto países europeos sin España;De 70 a 74 años;3480
Total;Resto países europeos sin España;De 75 a 79 años;895
Total;Resto países europeos sin España;De 80 a 84 años;666
Total;Resto países europeos sin España;85 y más años;527
Total;Resto países europeos sin España;No sabe la edad;0
Total;PAÍSES AFRICANOS;Total;767588
Total;PAÍSES AFRICANOS;De 16 a 19 años;41952
Total;PAÍSES AFRICANOS;De 20 a 24 años;82262
Total;PAÍSES AFRICANOS;De 25 a 29 años;124741
Total;PAÍSES AFRICANOS;De 30 a 34 años;125417
Total;PAÍSES AFRICANOS;De 35 a 39 años;115999
Total;PAÍSES AFRICANOS;De 40 a 44 años;91289
Total;PAÍSES AFRICANOS;De 45 a 49 años;57302
Total;PAÍSES AFRICANOS;De 50 a 54 años;43826
Total;PAÍSES AFRICANOS;De 55 a 59 años;23025
Total;PAÍSES AFRICANOS;De 60 a 64 años;13396
Total;PAÍSES AFRICANOS;De 65 a 69 años;13711
Total;PAÍSES AFRICANOS;De 70 a 74 años;13946
Total;PAÍSES AFRICANOS;De 75 a 79 años;8436
Total;PAÍSES AFRICANOS;De 80 a 84 años;3994
Total;PAÍSES AFRICANOS;85 y más años;1487
Total;PAÍSES AFRICANOS;No sabe la edad;6806
Total;Marruecos;Total;539773
Total;Marruecos;De 16 a 19 años;35616
Total;Marruecos;De 20 a 24 años;64840
Total;Marruecos;De 25 a 29 años;79784
Total;Marruecos;De 30 a 34 años;79467
Total;Marruecos;De 35 a 39 años;73960
Total;Marruecos;De 40 a 44 años;64902
Total;Marruecos;De 45 a 49 años;43374
Total;Marruecos;De 50 a 54 años;32142
Total;Marruecos;De 55 a 59 años;18179
Total;Marruecos;De 60 a 64 años;11368
Total;Marruecos;De 65 a 69 años;11727
Total;Marruecos;De 70 a 74 años;10660
Total;Marruecos;De 75 a 79 años;7226
Total;Marruecos;De 80 a 84 años;2144
Total;Marruecos;85 y más años;1487
Total;Marruecos;No sabe la edad;2896
Total;Resto de países africanos;Total;227815
Total;Resto de países africanos;De 16 a 19 años;6336
Total;Resto de países africanos;De 20 a 24 años;17421
Total;Resto de países africanos;De 25 a 29 años;44957
Total;Resto de países africanos;De 30 a 34 años;45950
Total;Resto de países africanos;De 35 a 39 años;42039
Total;Resto de países africanos;De 40 a 44 años;26387
Total;Resto de países africanos;De 45 a 49 años;13927
Total;Resto de países africanos;De 50 a 54 años;11684
Total;Resto de países africanos;De 55 a 59 años;4847
Total;Resto de países africanos;De 60 a 64 años;2028
Total;Resto de países africanos;De 65 a 69 años;1983
Total;Resto de países africanos;De 70 a 74 años;3285
Total;Resto de países africanos;De 75 a 79 años;1210
Total;Resto de países africanos;De 80 a 84 años;1850
Total;Resto de países africanos;85 y más años;0
Total;Resto de países africanos;No sabe la edad;3910
Total;PAÍSES AMERICANOS;Total;1821215
Total;PAÍSES AMERICANOS;De 16 a 19 años;125632
Total;PAÍSES AMERICANOS;De 20 a 24 años;191660
Total;PAÍSES AMERICANOS;De 25 a 29 años;293484
Total;PAÍSES AMERICANOS;De 30 a 34 años;313824
Total;PAÍSES AMERICANOS;De 35 a 39 años;261554
Total;PAÍSES AMERICANOS;De 40 a 44 años;209503
Total;PAÍSES AMERICANOS;De 45 a 49 años;149697
Total;PAÍSES AMERICANOS;De 50 a 54 años;97808
Total;PAÍSES AMERICANOS;De 55 a 59 años;58968
Total;PAÍSES AMERICANOS;De 60 a 64 años;36376
Total;PAÍSES AMERICANOS;De 65 a 69 años;24041
Total;PAÍSES AMERICANOS;De 70 a 74 años;18953
Total;PAÍSES AMERICANOS;De 75 a 79 años;14511
Total;PAÍSES AMERICANOS;De 80 a 84 años;10017
Total;PAÍSES AMERICANOS;85 y más años;6786
Total;PAÍSES AMERICANOS;No sabe la edad;8402
Total;Estados Unidos y Canadá;Total;33523
Total;Estados Unidos y Canadá;De 16 a 19 años;3655
Total;Estados Unidos y Canadá;De 20 a 24 años;1084
Total;Estados Unidos y Canadá;De 25 a 29 años;1757
Total;Estados Unidos y Canadá;De 30 a 34 años;4563
Total;Estados Unidos y Canadá;De 35 a 39 años;4504
Total;Estados Unidos y Canadá;De 40 a 44 años;7680
Total;Estados Unidos y Canadá;De 45 a 49 años;1093
Total;Estados Unidos y Canadá;De 50 a 54 años;1480
Total;Estados Unidos y Canadá;De 55 a 59 años;2198
Total;Estados Unidos y Canadá;De 60 a 64 años;1200
Total;Estados Unidos y Canadá;De 65 a 69 años;2175
Total;Estados Unidos y Canadá;De 70 a 74 años;1002
Total;Estados Unidos y Canadá;De 75 a 79 años;0
Total;Estados Unidos y Canadá;De 80 a 84 años;311
Total;Estados Unidos y Canadá;85 y más años;820
Total;Estados Unidos y Canadá;No sabe la edad;0
Total;PAÍSES AMERICANOS SIN ESTADOS UNIDOS NI CANADÁ;Total;1787691
Total;PAÍSES AMERICANOS SIN ESTADOS UNIDOS NI CANADÁ;De 16 a 19 años;121977
Total;PAÍSES AMERICANOS SIN ESTADOS UNIDOS NI CANADÁ;De 20 a 24 años;190575
Total;PAÍSES AMERICANOS SIN ESTADOS UNIDOS NI CANADÁ;De 25 a 29 años;291727
Total;PAÍSES AMERICANOS SIN ESTADOS UNIDOS NI CANADÁ;De 30 a 34 años;309261
Total;PAÍSES AMERICANOS SIN ESTADOS UNIDOS NI CANADÁ;De 35 a 39 años;257050
Total;PAÍSES AMERICANOS SIN ESTADOS UNIDOS NI CANADÁ;De 40 a 44 años;201822
Total;PAÍSES AMERICANOS SIN ESTADOS UNIDOS NI CANADÁ;De 45 a 49 años;148604
Total;PAÍSES AMERICANOS SIN ESTADOS UNIDOS NI CANADÁ;De 50 a 54 años;96327
Total;PAÍSES AMERICANOS SIN ESTADOS UNIDOS NI CANADÁ;De 55 a 59 años;56769
Total;PAÍSES AMERICANOS SIN ESTADOS UNIDOS NI CANADÁ;De 60 a 64 años;35176
Total;PAÍSES AMERICANOS SIN ESTADOS UNIDOS NI CANADÁ;De 65 a 69 años;21866
Total;PAÍSES AMERICANOS SIN ESTADOS UNIDOS NI CANADÁ;De 70 a 74 años;17951
Total;PAÍSES AMERICANOS SIN ESTADOS UNIDOS NI CANADÁ;De 75 a 79 años;14511
Total;PAÍSES AMERICANOS SIN ESTADOS UNIDOS NI CANADÁ;De 80 a 84 años;9706
Total;PAÍSES AMERICANOS SIN ESTADOS UNIDOS NI CANADÁ;85 y más años;5966
Total;PAÍSES AMERICANOS SIN ESTADOS UNIDOS NI CANADÁ;No sabe la edad;8402
Total;Ecuador;Total;371743
Total;Ecuador;De 16 a 19 años;28755
Total;Ecuador;De 20 a 24 años;49461
Total;Ecuador;De 25 a 29 años;75073
Total;Ecuador;De 30 a 34 años;77150
Total;Ecuador;De 35 a 39 años;54869
Total;Ecuador;De 40 a 44 años;39730
Total;Ecuador;De 45 a 49 años;21169
Total;Ecuador;De 50 a 54 años;13284
Total;Ecuador;De 55 a 59 años;4573
Total;Ecuador;De 60 a 64 años;2484
Total;Ecuador;De 65 a 69 años;1252
Total;Ecuador;De 70 a 74 años;658
Total;Ecuador;De 75 a 79 años;339
Total;Ecuador;De 80 a 84 años;741
Total;Ecuador;85 y más años;0
Total;Ecuador;No sabe la edad;2203
Total;Colombia;Total;299479
Total;Colombia;De 16 a 19 años;25478
Total;Colombia;De 20 a 24 años;22403
Total;Colombia;De 25 a 29 años;44181
Total;Colombia;De 30 a 34 años;52385
Total;Colombia;De 35 a 39 años;47741
Total;Colombia;De 40 a 44 años;40018
Total;Colombia;De 45 a 49 años;32513
Total;Colombia;De 50 a 54 años;11795
Total;Colombia;De 55 a 59 años;9497
Total;Colombia;De 60 a 64 años;6371
Total;Colombia;De 65 a 69 años;2716
Total;Colombia;De 70 a 74 años;3233
Total;Colombia;De 75 a 79 años;885
Total;Colombia;De 80 a 84 años;0
Total;Colombia;85 y más años;0
Total;Colombia;No sabe la edad;263
Total;Bolivia;Total;157732
Total;Bolivia;De 16 a 19 años;14668
Total;Bolivia;De 20 a 24 años;28646
Total;Bolivia;De 25 a 29 años;36967
Total;Bolivia;De 30 a 34 años;30297
Total;Bolivia;De 35 a 39 años;18021
Total;Bolivia;De 40 a 44 años;11138
Total;Bolivia;De 45 a 49 años;8075
Total;Bolivia;De 50 a 54 años;2884
Total;Bolivia;De 55 a 59 años;1814
Total;Bolivia;De 60 a 64 años;1705
Total;Bolivia;De 65 a 69 años;553
Total;Bolivia;De 70 a 74 años;0
Total;Bolivia;De 75 a 79 años;51
Total;Bolivia;De 80 a 84 años;510
Total;Bolivia;85 y más años;0
Total;Bolivia;No sabe la edad;2401
Total;Argentina;Total;231630
Total;Argentina;De 16 a 19 años;13212
Total;Argentina;De 20 a 24 años;13861
Total;Argentina;De 25 a 29 años;32192
Total;Argentina;De 30 a 34 años;34597
Total;Argentina;De 35 a 39 años;29391
Total;Argentina;De 40 a 44 años;27830
Total;Argentina;De 45 a 49 años;21374
Total;Argentina;De 50 a 54 años;18243
Total;Argentina;De 55 a 59 años;13801
Total;Argentina;De 60 a 64 años;5656
Total;Argentina;De 65 a 69 años;7050
Total;Argentina;De 70 a 74 años;6352
Total;Argentina;De 75 a 79 años;3161
Total;Argentina;De 80 a 84 años;2396
Total;Argentina;85 y más años;2518
Total;Argentina;No sabe la edad;0
Total;Resto de países americanos sin Estados Unidos ni Canadá;Total;727107
Total;Resto de países americanos sin Estados Unidos ni Canadá;De 16 a 19 años;39863
Total;Resto de países americanos sin Estados Unidos ni Canadá;De 20 a 24 años;76205
Total;Resto de países americanos sin Estados Unidos ni Canadá;De 25 a 29 años;103313
Total;Resto de países americanos sin Estados Unidos ni Canadá;De 30 a 34 años;114832
Total;Resto de países americanos sin Estados Unidos ni Canadá;De 35 a 39 años;107029
Total;Resto de países americanos sin Estados Unidos ni Canadá;De 40 a 44 años;83106
Total;Resto de países americanos sin Estados Unidos ni Canadá;De 45 a 49 años;65473
Total;Resto de países americanos sin Estados Unidos ni Canadá;De 50 a 54 años;50122
Total;Resto de países americanos sin Estados Unidos ni Canadá;De 55 a 59 años;27084
Total;Resto de países americanos sin Estados Unidos ni Canadá;De 60 a 64 años;18960
Total;Resto de países americanos sin Estados Unidos ni Canadá;De 65 a 69 años;10294
Total;Resto de países americanos sin Estados Unidos ni Canadá;De 70 a 74 años;7708
Total;Resto de países americanos sin Estados Unidos ni Canadá;De 75 a 79 años;10075
Total;Resto de países americanos sin Estados Unidos ni Canadá;De 80 a 84 años;6059
Total;Resto de países americanos sin Estados Unidos ni Canadá;85 y más años;3448
Total;Resto de países americanos sin Estados Unidos ni Canadá;No sabe la edad;3535
Total;PAÍSES ASIÁTICOS Y DE OCEANÍA;Total;216244
Total;PAÍSES ASIÁTICOS Y DE OCEANÍA;De 16 a 19 años;11999
Total;PAÍSES ASIÁTICOS Y DE OCEANÍA;De 20 a 24 años;16827
Total;PAÍSES ASIÁTICOS Y DE OCEANÍA;De 25 a 29 años;33936
Total;PAÍSES ASIÁTICOS Y DE OCEANÍA;De 30 a 34 años;33967
Total;PAÍSES ASIÁTICOS Y DE OCEANÍA;De 35 a 39 años;35228
Total;PAÍSES ASIÁTICOS Y DE OCEANÍA;De 40 a 44 años;25106
Total;PAÍSES ASIÁTICOS Y DE OCEANÍA;De 45 a 49 años;22625
Total;PAÍSES ASIÁTICOS Y DE OCEANÍA;De 50 a 54 años;9318
Total;PAÍSES ASIÁTICOS Y DE OCEANÍA;De 55 a 59 años;8484
Total;PAÍSES ASIÁTICOS Y DE OCEANÍA;De 60 a 64 años;5528
Total;PAÍSES ASIÁTICOS Y DE OCEANÍA;De 65 a 69 años;7272
Total;PAÍSES ASIÁTICOS Y DE OCEANÍA;De 70 a 74 años;3413
Total;PAÍSES ASIÁTICOS Y DE OCEANÍA;De 75 a 79 años;744
Total;PAÍSES ASIÁTICOS Y DE OCEANÍA;De 80 a 84 años;723
Total;PAÍSES ASIÁTICOS Y DE OCEANÍA;85 y más años;0
Total;PAÍSES ASIÁTICOS Y DE OCEANÍA;No sabe la edad;1074
Total;China;Total;53887
Total;China;De 16 a 19 años;4821
Total;China;De 20 a 24 años;8281
Total;China;De 25 a 29 años;10524
Total;China;De 30 a 34 años;6906
Total;China;De 35 a 39 años;8866
Total;China;De 40 a 44 años;5769
Total;China;De 45 a 49 años;5108
Total;China;De 50 a 54 años;1266
Total;China;De 55 a 59 años;690
Total;China;De 60 a 64 años;292
Total;China;De 65 a 69 años;0
Total;China;De 70 a 74 años;1366
Total;China;De 75 a 79 años;0
Total;China;De 80 a 84 años;0
Total;China;85 y más años;0
Total;China;No sabe la edad;0
Total;Resto de países asiáticos y de Oceanía;Total;162357
Total;Resto de países asiáticos y de Oceanía;De 16 a 19 años;7179
Total;Resto de países asiáticos y de Oceanía;De 20 a 24 años;8546
Total;Resto de países asiáticos y de Oceanía;De 25 a 29 años;23412
Total;Resto de países asiáticos y de Oceanía;De 30 a 34 años;27061
Total;Resto de países asiáticos y de Oceanía;De 35 a 39 años;26361
Total;Resto de países asiáticos y de Oceanía;De 40 a 44 años;19338
Total;Resto de países asiáticos y de Oceanía;De 45 a 49 años;17517
Total;Resto de países asiáticos y de Oceanía;De 50 a 54 años;8052
Total;Resto de países asiáticos y de Oceanía;De 55 a 59 años;7794
Total;Resto de países asiáticos y de Oceanía;De 60 a 64 años;5237
Total;Resto de países asiáticos y de Oceanía;De 65 a 69 años;7272
Total;Resto de países asiáticos y de Oceanía;De 70 a 74 años;2048
Total;Resto de países asiáticos y de Oceanía;De 75 a 79 años;744
Total;Resto de países asiáticos y de Oceanía;De 80 a 84 años;723
Total;Resto de países asiáticos y de Oceanía;85 y más años;0
Total;Resto de países asiáticos y de Oceanía;No sabe la edad;1074
Varones;Total;Total;2363172
Varones;Total;De 16 a 19 años;137385
Varones;Total;De 20 a 24 años;206525
Varones;Total;De 25 a 29 años;374227
Varones;Total;De 30 a 34 años;390830
Varones;Total;De 35 a 39 años;365035
Varones;Total;De 40 a 44 años;267076
Varones;Total;De 45 a 49 años;185685
Varones;Total;De 50 a 54 años;123342
Varones;Total;De 55 a 59 años;80729
Varones;Total;De 60 a 64 años;65781
Varones;Total;De 65 a 69 años;66644
Varones;Total;De 70 a 74 años;42548
Varones;Total;De 75 a 79 años;26181
Varones;Total;De 80 a 84 años;12989
Varones;Total;85 y más años;8231
Varones;Total;No sabe la edad;9964
Varones;PAÍSES EUROPEOS SIN ESPAÑA;Total;888750
Varones;PAÍSES EUROPEOS SIN ESPAÑA;De 16 a 19 años;32811
Varones;PAÍSES EUROPEOS SIN ESPAÑA;De 20 a 24 años;66894
Varones;PAÍSES EUROPEOS SIN ESPAÑA;De 25 a 29 años;119287
Varones;PAÍSES EUROPEOS SIN ESPAÑA;De 30 a 34 años;138651
Varones;PAÍSES EUROPEOS SIN ESPAÑA;De 35 a 39 años;137626
Varones;PAÍSES EUROPEOS SIN ESPAÑA;De 40 a 44 años;101218
Varones;PAÍSES EUROPEOS SIN ESPAÑA;De 45 a 49 años;64580
Varones;PAÍSES EUROPEOS SIN ESPAÑA;De 50 a 54 años;43718
Varones;PAÍSES EUROPEOS SIN ESPAÑA;De 55 a 59 años;40352
Varones;PAÍSES EUROPEOS SIN ESPAÑA;De 60 a 64 años;44496
Varones;PAÍSES EUROPEOS SIN ESPAÑA;De 65 a 69 años;45031
Varones;PAÍSES EUROPEOS SIN ESPAÑA;De 70 a 74 años;26035
Varones;PAÍSES EUROPEOS SIN ESPAÑA;De 75 a 79 años;16299
Varones;PAÍSES EUROPEOS SIN ESPAÑA;De 80 a 84 años;6226
Varones;PAÍSES EUROPEOS SIN ESPAÑA;85 y más años;5082
Varones;PAÍSES EUROPEOS SIN ESPAÑA;No sabe la edad;444
Varones;UE 27 SIN ESPAÑA;Total;786819
Varones;UE 27 SIN ESPAÑA;De 16 a 19 años;27819
Varones;UE 27 SIN ESPAÑA;De 20 a 24 años;58634
Varones;UE 27 SIN ESPAÑA;De 25 a 29 años;101117
Varones;UE 27 SIN ESPAÑA;De 30 a 34 años;124248
Varones;UE 27 SIN ESPAÑA;De 35 a 39 años;119770
Varones;UE 27 SIN ESPAÑA;De 40 a 44 años;85063
Varones;UE 27 SIN ESPAÑA;De 45 a 49 años;57197
Varones;UE 27 SIN ESPAÑA;De 50 a 54 años;39652
Varones;UE 27 SIN ESPAÑA;De 55 a 59 años;35934
Varones;UE 27 SIN ESPAÑA;De 60 a 64 años;43644
Varones;UE 27 SIN ESPAÑA;De 65 a 69 años;42411
Varones;UE 27 SIN ESPAÑA;De 70 a 74 años;24537
Varones;UE 27 SIN ESPAÑA;De 75 a 79 años;16234
Varones;UE 27 SIN ESPAÑA;De 80 a 84 años;5561
Varones;UE 27 SIN ESPAÑA;85 y más años;4555
Varones;UE 27 SIN ESPAÑA;No sabe la edad;444
Varones;Reino Unido;Total;147855
Varones;Reino Unido;De 16 a 19 años;4813
Varones;Reino Unido;De 20 a 24 años;2784
Varones;Reino Unido;De 25 a 29 años;4584
Varones;Reino Unido;De 30 a 34 años;7225
Varones;Reino Unido;De 35 a 39 años;9687
Varones;Reino Unido;De 40 a 44 años;13192
Varones;Reino Unido;De 45 a 49 años;16884
Varones;Reino Unido;De 50 a 54 años;12862
Varones;Reino Unido;De 55 a 59 años;14633
Varones;Reino Unido;De 60 a 64 años;20674
Varones;Reino Unido;De 65 a 69 años;17406
Varones;Reino Unido;De 70 a 74 años;12424
Varones;Reino Unido;De 75 a 79 años;6633
Varones;Reino Unido;De 80 a 84 años;3328
Varones;Reino Unido;85 y más años;727
Varones;Reino Unido;No sabe la edad;0
Varones;Alemania;Total;71892
Varones;Alemania;De 16 a 19 años;1209
Varones;Alemania;De 20 a 24 años;4374
Varones;Alemania;De 25 a 29 años;5005
Varones;Alemania;De 30 a 34 años;13175
Varones;Alemania;De 35 a 39 años;13337
Varones;Alemania;De 40 a 44 años;9428
Varones;Alemania;De 45 a 49 años;3386
Varones;Alemania;De 50 a 54 años;3187
Varones;Alemania;De 55 a 59 años;5103
Varones;Alemania;De 60 a 64 años;2655
Varones;Alemania;De 65 a 69 años;6366
Varones;Alemania;De 70 a 74 años;3077
Varones;Alemania;De 75 a 79 años;1160
Varones;Alemania;De 80 a 84 años;0
Varones;Alemania;85 y más años;429
Varones;Alemania;No sabe la edad;0
Varones;Rumanía y Bulgaria;Total;282716
Varones;Rumanía y Bulgaria;De 16 a 19 años;15080
Varones;Rumanía y Bulgaria;De 20 a 24 años;37407
Varones;Rumanía y Bulgaria;De 25 a 29 años;62584
Varones;Rumanía y Bulgaria;De 30 a 34 años;65419
Varones;Rumanía y Bulgaria;De 35 a 39 años;48667
Varones;Rumanía y Bulgaria;De 40 a 44 años;20081
Varones;Rumanía y Bulgaria;De 45 a 49 años;16308
Varones;Rumanía y Bulgaria;De 50 a 54 años;11682
Varones;Rumanía y Bulgaria;De 55 a 59 años;3770
Varones;Rumanía y Bulgaria;De 60 a 64 años;712
Varones;Rumanía y Bulgaria;De 65 a 69 años;562
Varones;Rumanía y Bulgaria;De 70 a 74 años;0
Varones;Rumanía y Bulgaria;De 75 a 79 años;0
Varones;Rumanía y Bulgaria;De 80 a 84 años;0
Varones;Rumanía y Bulgaria;85 y más años;0
Varones;Rumanía y Bulgaria;No sabe la edad;444
Varones;Resto UE 27 sin España;Total;284356
Varones;Resto UE 27 sin España;De 16 a 19 años;6717
Varones;Resto UE 27 sin España;De 20 a 24 años;14069
Varones;Resto UE 27 sin España;De 25 a 29 años;28944
Varones;Resto UE 27 sin España;De 30 a 34 años;38429
Varones;Resto UE 27 sin España;De 35 a 39 años;48079
Varones;Resto UE 27 sin España;De 40 a 44 años;42361
Varones;Resto UE 27 sin España;De 45 a 49 años;20620
Varones;Resto UE 27 sin España;De 50 a 54 años;11921
Varones;Resto UE 27 sin España;De 55 a 59 años;12428
Varones;Resto UE 27 sin España;De 60 a 64 años;19604
Varones;Resto UE 27 sin España;De 65 a 69 años;18077
Varones;Resto UE 27 sin España;De 70 a 74 años;9036
Varones;Resto UE 27 sin España;De 75 a 79 años;8440
Varones;Resto UE 27 sin España;De 80 a 84 años;2233
Varones;Resto UE 27 sin España;85 y más años;3398
Varones;Resto UE 27 sin España;No sabe la edad;0
Varones;Resto países europeos sin España;Total;101931
Varones;Resto países europeos sin España;De 16 a 19 años;4993
Varones;Resto países europeos sin España;De 20 a 24 años;8260
Varones;Resto países europeos sin España;De 25 a 29 años;18169
Varones;Resto países europeos sin España;De 30 a 34 años;14403
Varones;Resto países europeos sin España;De 35 a 39 años;17856
Varones;Resto países europeos sin España;De 40 a 44 años;16155
Varones;Resto países europeos sin España;De 45 a 49 años;7383
Varones;Resto países europeos sin España;De 50 a 54 años;4066
Varones;Resto países europeos sin España;De 55 a 59 años;4418
Varones;Resto países europeos sin España;De 60 a 64 años;852
Varones;Resto países europeos sin España;De 65 a 69 años;2620
Varones;Resto países europeos sin España;De 70 a 74 años;1498
Varones;Resto países europeos sin España;De 75 a 79 años;65
Varones;Resto países europeos sin España;De 80 a 84 años;666
Varones;Resto países europeos sin España;85 y más años;527
Varones;Resto países europeos sin España;No sabe la edad;0
Varones;PAÍSES AFRICANOS;Total;509234
Varones;PAÍSES AFRICANOS;De 16 a 19 años;26392
Varones;PAÍSES AFRICANOS;De 20 a 24 años;50721
Varones;PAÍSES AFRICANOS;De 25 a 29 años;89814
Varones;PAÍSES AFRICANOS;De 30 a 34 años;83518
Varones;PAÍSES AFRICANOS;De 35 a 39 años;78199
Varones;PAÍSES AFRICANOS;De 40 a 44 años;62920
Varones;PAÍSES AFRICANOS;De 45 a 49 años;37865
Varones;PAÍSES AFRICANOS;De 50 a 54 años;30750
Varones;PAÍSES AFRICANOS;De 55 a 59 años;14669
Varones;PAÍSES AFRICANOS;De 60 a 64 años;7324
Varones;PAÍSES AFRICANOS;De 65 a 69 años;7488
Varones;PAÍSES AFRICANOS;De 70 a 74 años;7337
Varones;PAÍSES AFRICANOS;De 75 a 79 años;4025
Varones;PAÍSES AFRICANOS;De 80 a 84 años;1841
Varones;PAÍSES AFRICANOS;85 y más años;710
Varones;PAÍSES AFRICANOS;No sabe la edad;5661
Varones;Marruecos;Total;344291
Varones;Marruecos;De 16 a 19 años;22142
Varones;Marruecos;De 20 a 24 años;39462
Varones;Marruecos;De 25 a 29 años;55247
Varones;Marruecos;De 30 a 34 años;49024
Varones;Marruecos;De 35 a 39 años;46618
Varones;Marruecos;De 40 a 44 años;44596
Varones;Marruecos;De 45 a 49 años;28993
Varones;Marruecos;De 50 a 54 años;21760
Varones;Marruecos;De 55 a 59 años;12252
Varones;Marruecos;De 60 a 64 años;6358
Varones;Marruecos;De 65 a 69 años;6097
Varones;Marruecos;De 70 a 74 años;5248
Varones;Marruecos;De 75 a 79 años;3384
Varones;Marruecos;De 80 a 84 años;649
Varones;Marruecos;85 y más años;710
Varones;Marruecos;No sabe la edad;1751
Varones;Resto de países africanos;Total;164943
Varones;Resto de países africanos;De 16 a 19 años;4250
Varones;Resto de países africanos;De 20 a 24 años;11259
Varones;Resto de países africanos;De 25 a 29 años;34567
Varones;Resto de países africanos;De 30 a 34 años;34493
Varones;Resto de países africanos;De 35 a 39 años;31581
Varones;Resto de países africanos;De 40 a 44 años;18323
Varones;Resto de países africanos;De 45 a 49 años;8872
Varones;Resto de países africanos;De 50 a 54 años;8990
Varones;Resto de países africanos;De 55 a 59 años;2417
Varones;Resto de países africanos;De 60 a 64 años;967
Varones;Resto de países africanos;De 65 a 69 años;1392
Varones;Resto de países africanos;De 70 a 74 años;2089
Varones;Resto de países africanos;De 75 a 79 años;641
Varones;Resto de países africanos;De 80 a 84 años;1192
Varones;Resto de países africanos;85 y más años;0
Varones;Resto de países africanos;No sabe la edad;3910
Varones;PAÍSES AMERICANOS;Total;834013
Varones;PAÍSES AMERICANOS;De 16 a 19 años;67678
Varones;PAÍSES AMERICANOS;De 20 a 24 años;78196
Varones;PAÍSES AMERICANOS;De 25 a 29 años;143815
Varones;PAÍSES AMERICANOS;De 30 a 34 años;143686
Varones;PAÍSES AMERICANOS;De 35 a 39 años;126701
Varones;PAÍSES AMERICANOS;De 40 a 44 años;88773
Varones;PAÍSES AMERICANOS;De 45 a 49 años;70872
Varones;PAÍSES AMERICANOS;De 50 a 54 años;43638
Varones;PAÍSES AMERICANOS;De 55 a 59 años;22813
Varones;PAÍSES AMERICANOS;De 60 a 64 años;12024
Varones;PAÍSES AMERICANOS;De 65 a 69 años;11962
Varones;PAÍSES AMERICANOS;De 70 a 74 años;8121
Varones;PAÍSES AMERICANOS;De 75 a 79 años;5585
Varones;PAÍSES AMERICANOS;De 80 a 84 años;4922
Varones;PAÍSES AMERICANOS;85 y más años;2439
Varones;PAÍSES AMERICANOS;No sabe la edad;2786
Varones;Estados Unidos y Canadá;Total;18891
Varones;Estados Unidos y Canadá;De 16 a 19 años;2720
Varones;Estados Unidos y Canadá;De 20 a 24 años;299
Varones;Estados Unidos y Canadá;De 25 a 29 años;614
Varones;Estados Unidos y Canadá;De 30 a 34 años;1399
Varones;Estados Unidos y Canadá;De 35 a 39 años;2943
Varones;Estados Unidos y Canadá;De 40 a 44 años;5094
Varones;Estados Unidos y Canadá;De 45 a 49 años;772
Varones;Estados Unidos y Canadá;De 50 a 54 años;445
Varones;Estados Unidos y Canadá;De 55 a 59 años;1488
Varones;Estados Unidos y Canadá;De 60 a 64 años;121
Varones;Estados Unidos y Canadá;De 65 a 69 años;1606
Varones;Estados Unidos y Canadá;De 70 a 74 años;1002
Varones;Estados Unidos y Canadá;De 75 a 79 años;0
Varones;Estados Unidos y Canadá;De 80 a 84 años;134
Varones;Estados Unidos y Canadá;85 y más años;254
Varones;Estados Unidos y Canadá;No sabe la edad;0
Varones;PAÍSES AMERICANOS SIN ESTADOS UNIDOS NI CANADÁ;Total;815122
Varones;PAÍSES AMERICANOS SIN ESTADOS UNIDOS NI CANADÁ;De 16 a 19 años;64958
Varones;PAÍSES AMERICANOS SIN ESTADOS UNIDOS NI CANADÁ;De 20 a 24 años;77897
Varones;PAÍSES AMERICANOS SIN ESTADOS UNIDOS NI CANADÁ;De 25 a 29 años;143202
Varones;PAÍSES AMERICANOS SIN ESTADOS UNIDOS NI CANADÁ;De 30 a 34 años;142286
Varones;PAÍSES AMERICANOS SIN ESTADOS UNIDOS NI CANADÁ;De 35 a 39 años;123758
Varones;PAÍSES AMERICANOS SIN ESTADOS UNIDOS NI CANADÁ;De 40 a 44 años;83679
Varones;PAÍSES AMERICANOS SIN ESTADOS UNIDOS NI CANADÁ;De 45 a 49 años;70100
Varones;PAÍSES AMERICANOS SIN ESTADOS UNIDOS NI CANADÁ;De 50 a 54 años;43193
Varones;PAÍSES AMERICANOS SIN ESTADOS UNIDOS NI CANADÁ;De 55 a 59 años;21326
Varones;PAÍSES AMERICANOS SIN ESTADOS UNIDOS NI CANADÁ;De 60 a 64 años;11903
Varones;PAÍSES AMERICANOS SIN ESTADOS UNIDOS NI CANADÁ;De 65 a 69 años;10356
Varones;PAÍSES AMERICANOS SIN ESTADOS UNIDOS NI CANADÁ;De 70 a 74 años;7119
Varones;PAÍSES AMERICANOS SIN ESTADOS UNIDOS NI CANADÁ;De 75 a 79 años;5585
Varones;PAÍSES AMERICANOS SIN ESTADOS UNIDOS NI CANADÁ;De 80 a 84 años;4788
Varones;PAÍSES AMERICANOS SIN ESTADOS UNIDOS NI CANADÁ;85 y más años;2185
Varones;PAÍSES AMERICANOS SIN ESTADOS UNIDOS NI CANADÁ;No sabe la edad;2786
Varones;Ecuador;Total;178479
Varones;Ecuador;De 16 a 19 años;13694
Varones;Ecuador;De 20 a 24 años;19265
Varones;Ecuador;De 25 a 29 años;37857
Varones;Ecuador;De 30 a 34 años;38921
Varones;Ecuador;De 35 a 39 años;28294
Varones;Ecuador;De 40 a 44 años;15173
Varones;Ecuador;De 45 a 49 años;10546
Varones;Ecuador;De 50 a 54 años;7751
Varones;Ecuador;De 55 a 59 años;3557
Varones;Ecuador;De 60 a 64 años;1513
Varones;Ecuador;De 65 a 69 años;667
Varones;Ecuador;De 70 a 74 años;38
Varones;Ecuador;De 75 a 79 años;162
Varones;Ecuador;De 80 a 84 años;379
Varones;Ecuador;85 y más años;0
Varones;Ecuador;No sabe la edad;660
Varones;Colombia;Total;121593
Varones;Colombia;De 16 a 19 años;13611
Varones;Colombia;De 20 a 24 años;9150
Varones;Colombia;De 25 a 29 años;16892
Varones;Colombia;De 30 a 34 años;18305
Varones;Colombia;De 35 a 39 años;22854
Varones;Colombia;De 40 a 44 años;16265
Varones;Colombia;De 45 a 49 años;12892
Varones;Colombia;De 50 a 54 años;3790
Varones;Colombia;De 55 a 59 años;2934
Varones;Colombia;De 60 a 64 años;2813
Varones;Colombia;De 65 a 69 años;1510
Varones;Colombia;De 70 a 74 años;575
Varones;Colombia;De 75 a 79 años;0
Varones;Colombia;De 80 a 84 años;0
Varones;Colombia;85 y más años;0
Varones;Colombia;No sabe la edad;0
Varones;Bolivia;Total;72547
Varones;Bolivia;De 16 a 19 años;6852
Varones;Bolivia;De 20 a 24 años;11288
Varones;Bolivia;De 25 a 29 años;19378
Varones;Bolivia;De 30 a 34 años;12584
Varones;Bolivia;De 35 a 39 años;9627
Varones;Bolivia;De 40 a 44 años;4825
Varones;Bolivia;De 45 a 49 años;4555
Varones;Bolivia;De 50 a 54 años;1680
Varones;Bolivia;De 55 a 59 años;0
Varones;Bolivia;De 60 a 64 años;376
Varones;Bolivia;De 65 a 69 años;83
Varones;Bolivia;De 70 a 74 años;0
Varones;Bolivia;De 75 a 79 años;51
Varones;Bolivia;De 80 a 84 años;467
Varones;Bolivia;85 y más años;0
Varones;Bolivia;No sabe la edad;781
Varones;Argentina;Total;119964
Varones;Argentina;De 16 a 19 años;7626
Varones;Argentina;De 20 a 24 años;4926
Varones;Argentina;De 25 a 29 años;18668
Varones;Argentina;De 30 a 34 años;19931
Varones;Argentina;De 35 a 39 años;15027
Varones;Argentina;De 40 a 44 años;14537
Varones;Argentina;De 45 a 49 años;10739
Varones;Argentina;De 50 a 54 años;9401
Varones;Argentina;De 55 a 59 años;6667
Varones;Argentina;De 60 a 64 años;2250
Varones;Argentina;De 65 a 69 años;3896
Varones;Argentina;De 70 a 74 años;2793
Varones;Argentina;De 75 a 79 años;1269
Varones;Argentina;De 80 a 84 años;1359
Varones;Argentina;85 y más años;876
Varones;Argentina;No sabe la edad;0
Varones;Resto de países americanos sin Estados Unidos ni Canadá;Total;322540
Varones;Resto de países americanos sin Estados Unidos ni Canadá;De 16 a 19 años;23175
Varones;Resto de países americanos sin Estados Unidos ni Canadá;De 20 a 24 años;33267
Varones;Resto de países americanos sin Estados Unidos ni Canadá;De 25 a 29 años;50406
Varones;Resto de países americanos sin Estados Unidos ni Canadá;De 30 a 34 años;52545
Varones;Resto de países americanos sin Estados Unidos ni Canadá;De 35 a 39 años;47956
Varones;Resto de países americanos sin Estados Unidos ni Canadá;De 40 a 44 años;32880
Varones;Resto de países americanos sin Estados Unidos ni Canadá;De 45 a 49 años;31368
Varones;Resto de países americanos sin Estados Unidos ni Canadá;De 50 a 54 años;20569
Varones;Resto de países americanos sin Estados Unidos ni Canadá;De 55 a 59 años;8168
Varones;Resto de países americanos sin Estados Unidos ni Canadá;De 60 a 64 años;4952
Varones;Resto de países americanos sin Estados Unidos ni Canadá;De 65 a 69 años;4200
Varones;Resto de países americanos sin Estados Unidos ni Canadá;De 70 a 74 años;3713
Varones;Resto de países americanos sin Estados Unidos ni Canadá;De 75 a 79 años;4103
Varones;Resto de países americanos sin Estados Unidos ni Canadá;De 80 a 84 años;2584
Varones;Resto de países americanos sin Estados Unidos ni Canadá;85 y más años;1309
Varones;Resto de países americanos sin Estados Unidos ni Canadá;No sabe la edad;1345
Varones;PAÍSES ASIÁTICOS Y DE OCEANÍA;Total;131175
Varones;PAÍSES ASIÁTICOS Y DE OCEANÍA;De 16 a 19 años;10504
Varones;PAÍSES ASIÁTICOS Y DE OCEANÍA;De 20 a 24 años;10714
Varones;PAÍSES ASIÁTICOS Y DE OCEANÍA;De 25 a 29 años;21311
Varones;PAÍSES ASIÁTICOS Y DE OCEANÍA;De 30 a 34 años;24975
Varones;PAÍSES ASIÁTICOS Y DE OCEANÍA;De 35 a 39 años;22508
Varones;PAÍSES ASIÁTICOS Y DE OCEANÍA;De 40 a 44 años;14165
Varones;PAÍSES ASIÁTICOS Y DE OCEANÍA;De 45 a 49 años;12368
Varones;PAÍSES ASIÁTICOS Y DE OCEANÍA;De 50 a 54 años;5236
Varones;PAÍSES ASIÁTICOS Y DE OCEANÍA;De 55 a 59 años;2895
Varones;PAÍSES ASIÁTICOS Y DE OCEANÍA;De 60 a 64 años;1936
Varones;PAÍSES ASIÁTICOS Y DE OCEANÍA;De 65 a 69 años;2162
Varones;PAÍSES ASIÁTICOS Y DE OCEANÍA;De 70 a 74 años;1055
Varones;PAÍSES ASIÁTICOS Y DE OCEANÍA;De 75 a 79 años;271
Varones;PAÍSES ASIÁTICOS Y DE OCEANÍA;De 80 a 84 años;0
Varones;PAÍSES ASIÁTICOS Y DE OCEANÍA;85 y más años;0
Varones;PAÍSES ASIÁTICOS Y DE OCEANÍA;No sabe la edad;1074
Varones;China;Total;28857
Varones;China;De 16 a 19 años;4072
Varones;China;De 20 a 24 años;3033
Varones;China;De 25 a 29 años;5078
Varones;China;De 30 a 34 años;4412
Varones;China;De 35 a 39 años;3912
Varones;China;De 40 a 44 años;2930
Varones;China;De 45 a 49 años;4429
Varones;China;De 50 a 54 años;258
Varones;China;De 55 a 59 años;96
Varones;China;De 60 a 64 años;292
Varones;China;De 65 a 69 años;0
Varones;China;De 70 a 74 años;347
Varones;China;De 75 a 79 años;0
Varones;China;De 80 a 84 años;0
Varones;China;85 y más años;0
Varones;China;No sabe la edad;0
Varones;Resto de países asiáticos y de Oceanía;Total;102318
Varones;Resto de países asiáticos y de Oceanía;De 16 a 19 años;6431
Varones;Resto de países asiáticos y de Oceanía;De 20 a 24 años;7681
Varones;Resto de países asiáticos y de Oceanía;De 25 a 29 años;16234
Varones;Resto de países asiáticos y de Oceanía;De 30 a 34 años;20564
Varones;Resto de países asiáticos y de Oceanía;De 35 a 39 años;18596
Varones;Resto de países asiáticos y de Oceanía;De 40 a 44 años;11236
Varones;Resto de países asiáticos y de Oceanía;De 45 a 49 años;7939
Varones;Resto de países asiáticos y de Oceanía;De 50 a 54 años;4978
Varones;Resto de países asiáticos y de Oceanía;De 55 a 59 años;2799
Varones;Resto de países asiáticos y de Oceanía;De 60 a 64 años;1644
Varones;Resto de países asiáticos y de Oceanía;De 65 a 69 años;2162
Varones;Resto de países asiáticos y de Oceanía;De 70 a 74 años;708
Varones;Resto de países asiáticos y de Oceanía;De 75 a 79 años;271
Varones;Resto de países asiáticos y de Oceanía;De 80 a 84 años;0
Varones;Resto de países asiáticos y de Oceanía;85 y más años;0
Varones;Resto de países asiáticos y de Oceanía;No sabe la edad;1074
Mujeres;Total;Total;2163350
Mujeres;Total;De 16 a 19 años;109237
Mujeres;Total;De 20 a 24 años;221797
Mujeres;Total;De 25 a 29 años;310256
Mujeres;Total;De 30 a 34 años;329648
Mujeres;Total;De 35 a 39 años;302818
Mujeres;Total;De 40 a 44 años;257251
Mujeres;Total;De 45 a 49 años;172582
Mujeres;Total;De 50 a 54 años;112531
Mujeres;Total;De 55 a 59 años;103903
Mujeres;Total;De 60 a 64 años;80346
Mujeres;Total;De 65 a 69 años;56042
Mujeres;Total;De 70 a 74 años;41869
Mujeres;Total;De 75 a 79 años;28162
Mujeres;Total;De 80 a 84 años;18381
Mujeres;Total;85 y más años;10367
Mujeres;Total;No sabe la edad;8160
Mujeres;PAÍSES EUROPEOS SIN ESPAÑA;Total;832725
Mujeres;PAÍSES EUROPEOS SIN ESPAÑA;De 16 a 19 años;34228
Mujeres;PAÍSES EUROPEOS SIN ESPAÑA;De 20 a 24 años;70680
Mujeres;PAÍSES EUROPEOS SIN ESPAÑA;De 25 a 29 años;113035
Mujeres;PAÍSES EUROPEOS SIN ESPAÑA;De 30 a 34 años;108619
Mujeres;PAÍSES EUROPEOS SIN ESPAÑA;De 35 a 39 años;117445
Mujeres;PAÍSES EUROPEOS SIN ESPAÑA;De 40 a 44 años;97212
Mujeres;PAÍSES EUROPEOS SIN ESPAÑA;De 45 a 49 años;64063
Mujeres;PAÍSES EUROPEOS SIN ESPAÑA;De 50 a 54 años;41204
Mujeres;PAÍSES EUROPEOS SIN ESPAÑA;De 55 a 59 años;53804
Mujeres;PAÍSES EUROPEOS SIN ESPAÑA;De 60 a 64 años;46330
Mujeres;PAÍSES EUROPEOS SIN ESPAÑA;De 65 a 69 años;32632
Mujeres;PAÍSES EUROPEOS SIN ESPAÑA;De 70 a 74 años;22070
Mujeres;PAÍSES EUROPEOS SIN ESPAÑA;De 75 a 79 años;14352
Mujeres;PAÍSES EUROPEOS SIN ESPAÑA;De 80 a 84 años;10410
Mujeres;PAÍSES EUROPEOS SIN ESPAÑA;85 y más años;5244
Mujeres;PAÍSES EUROPEOS SIN ESPAÑA;No sabe la edad;1399
Mujeres;UE 27 SIN ESPAÑA;Total;720296
Mujeres;UE 27 SIN ESPAÑA;De 16 a 19 años;23824
Mujeres;UE 27 SIN ESPAÑA;De 20 a 24 años;62333
Mujeres;UE 27 SIN ESPAÑA;De 25 a 29 años;95974
Mujeres;UE 27 SIN ESPAÑA;De 30 a 34 años;92957
Mujeres;UE 27 SIN ESPAÑA;De 35 a 39 años;97940
Mujeres;UE 27 SIN ESPAÑA;De 40 a 44 años;84453
Mujeres;UE 27 SIN ESPAÑA;De 45 a 49 años;57395
Mujeres;UE 27 SIN ESPAÑA;De 50 a 54 años;32921
Mujeres;UE 27 SIN ESPAÑA;De 55 a 59 años;46860
Mujeres;UE 27 SIN ESPAÑA;De 60 a 64 años;42835
Mujeres;UE 27 SIN ESPAÑA;De 65 a 69 años;32140
Mujeres;UE 27 SIN ESPAÑA;De 70 a 74 años;20089
Mujeres;UE 27 SIN ESPAÑA;De 75 a 79 años;13523
Mujeres;UE 27 SIN ESPAÑA;De 80 a 84 años;10410
Mujeres;UE 27 SIN ESPAÑA;85 y más años;5244
Mujeres;UE 27 SIN ESPAÑA;No sabe la edad;1399
Mujeres;Reino Unido;Total;121614
Mujeres;Reino Unido;De 16 a 19 años;1635
Mujeres;Reino Unido;De 20 a 24 años;2239
Mujeres;Reino Unido;De 25 a 29 años;5641
Mujeres;Reino Unido;De 30 a 34 años;6573
Mujeres;Reino Unido;De 35 a 39 años;10110
Mujeres;Reino Unido;De 40 a 44 años;10421
Mujeres;Reino Unido;De 45 a 49 años;12884
Mujeres;Reino Unido;De 50 a 54 años;11156
Mujeres;Reino Unido;De 55 a 59 años;17308
Mujeres;Reino Unido;De 60 a 64 años;16165
Mujeres;Reino Unido;De 65 a 69 años;10014
Mujeres;Reino Unido;De 70 a 74 años;7469
Mujeres;Reino Unido;De 75 a 79 años;3183
Mujeres;Reino Unido;De 80 a 84 años;5004
Mujeres;Reino Unido;85 y más años;1812
Mujeres;Reino Unido;No sabe la edad;0
Mujeres;Alemania;Total;88030
Mujeres;Alemania;De 16 a 19 años;400
Mujeres;Alemania;De 20 a 24 años;2813
Mujeres;Alemania;De 25 a 29 años;5527
Mujeres;Alemania;De 30 a 34 años;14626
Mujeres;Alemania;De 35 a 39 años;14361
Mujeres;Alemania;De 40 a 44 años;14444
Mujeres;Alemania;De 45 a 49 años;3831
Mujeres;Alemania;De 50 a 54 años;3318
Mujeres;Alemania;De 55 a 59 años;5679
Mujeres;Alemania;De 60 a 64 años;5792
Mujeres;Alemania;De 65 a 69 años;9358
Mujeres;Alemania;De 70 a 74 años;4005
Mujeres;Alemania;De 75 a 79 años;1401
Mujeres;Alemania;De 80 a 84 años;1194
Mujeres;Alemania;85 y más años;1279
Mujeres;Alemania;No sabe la edad;0
Mujeres;Rumanía y Bulgaria;Total;248069
Mujeres;Rumanía y Bulgaria;De 16 a 19 años;18656
Mujeres;Rumanía y Bulgaria;De 20 a 24 años;44560
Mujeres;Rumanía y Bulgaria;De 25 a 29 años;55228
Mujeres;Rumanía y Bulgaria;De 30 a 34 años;36771
Mujeres;Rumanía y Bulgaria;De 35 a 39 años;35468
Mujeres;Rumanía y Bulgaria;De 40 a 44 años;21323
Mujeres;Rumanía y Bulgaria;De 45 a 49 años;19884
Mujeres;Rumanía y Bulgaria;De 50 a 54 años;7636
Mujeres;Rumanía y Bulgaria;De 55 a 59 años;4342
Mujeres;Rumanía y Bulgaria;De 60 a 64 años;2459
Mujeres;Rumanía y Bulgaria;De 65 a 69 años;135
Mujeres;Rumanía y Bulgaria;De 70 a 74 años;313
Mujeres;Rumanía y Bulgaria;De 75 a 79 años;0
Mujeres;Rumanía y Bulgaria;De 80 a 84 años;0
Mujeres;Rumanía y Bulgaria;85 y más años;0
Mujeres;Rumanía y Bulgaria;No sabe la edad;1296
Mujeres;Resto UE 27 sin España;Total;262582
Mujeres;Resto UE 27 sin España;De 16 a 19 años;3132
Mujeres;Resto UE 27 sin España;De 20 a 24 años;12721
Mujeres;Resto UE 27 sin España;De 25 a 29 años;29578
Mujeres;Resto UE 27 sin España;De 30 a 34 años;34987
Mujeres;Resto UE 27 sin España;De 35 a 39 años;38002
Mujeres;Resto UE 27 sin España;De 40 a 44 años;38265
Mujeres;Resto UE 27 sin España;De 45 a 49 años;20797
Mujeres;Resto UE 27 sin España;De 50 a 54 años;10812
Mujeres;Resto UE 27 sin España;De 55 a 59 años;19530
Mujeres;Resto UE 27 sin España;De 60 a 64 años;18418
Mujeres;Resto UE 27 sin España;De 65 a 69 años;12634
Mujeres;Resto UE 27 sin España;De 70 a 74 años;8301
Mujeres;Resto UE 27 sin España;De 75 a 79 años;8939
Mujeres;Resto UE 27 sin España;De 80 a 84 años;4211
Mujeres;Resto UE 27 sin España;85 y más años;2153
Mujeres;Resto UE 27 sin España;No sabe la edad;103
Mujeres;Resto países europeos sin España;Total;112429
Mujeres;Resto países europeos sin España;De 16 a 19 años;10404
Mujeres;Resto países europeos sin España;De 20 a 24 años;8347
Mujeres;Resto países europeos sin España;De 25 a 29 años;17061
Mujeres;Resto países europeos sin España;De 30 a 34 años;15663
Mujeres;Resto países europeos sin España;De 35 a 39 años;19505
Mujeres;Resto países europeos sin España;De 40 a 44 años;12759
Mujeres;Resto países europeos sin España;De 45 a 49 años;6668
Mujeres;Resto países europeos sin España;De 50 a 54 años;8282
Mujeres;Resto países europeos sin España;De 55 a 59 años;6944
Mujeres;Resto países europeos sin España;De 60 a 64 años;3495
Mujeres;Resto países europeos sin España;De 65 a 69 años;491
Mujeres;Resto países europeos sin España;De 70 a 74 años;1982
Mujeres;Resto países europeos sin España;De 75 a 79 años;829
Mujeres;Resto países europeos sin España;De 80 a 84 años;0
Mujeres;Resto países europeos sin España;85 y más años;0
Mujeres;Resto países europeos sin España;No sabe la edad;0
Mujeres;PAÍSES AFRICANOS;Total;258355
Mujeres;PAÍSES AFRICANOS;De 16 a 19 años;15560
Mujeres;PAÍSES AFRICANOS;De 20 a 24 años;31541
Mujeres;PAÍSES AFRICANOS;De 25 a 29 años;34928
Mujeres;PAÍSES AFRICANOS;De 30 a 34 años;41899
Mujeres;PAÍSES AFRICANOS;De 35 a 39 años;37800
Mujeres;PAÍSES AFRICANOS;De 40 a 44 años;28369
Mujeres;PAÍSES AFRICANOS;De 45 a 49 años;19436
Mujeres;PAÍSES AFRICANOS;De 50 a 54 años;13076
Mujeres;PAÍSES AFRICANOS;De 55 a 59 años;8356
Mujeres;PAÍSES AFRICANOS;De 60 a 64 años;6072
Mujeres;PAÍSES AFRICANOS;De 65 a 69 años;6222
Mujeres;PAÍSES AFRICANOS;De 70 a 74 años;6609
Mujeres;PAÍSES AFRICANOS;De 75 a 79 años;4411
Mujeres;PAÍSES AFRICANOS;De 80 a 84 años;2154
Mujeres;PAÍSES AFRICANOS;85 y más años;777
Mujeres;PAÍSES AFRICANOS;No sabe la edad;1146
Mujeres;Marruecos;Total;195483
Mujeres;Marruecos;De 16 a 19 años;13474
Mujeres;Marruecos;De 20 a 24 años;25378
Mujeres;Marruecos;De 25 a 29 años;24537
Mujeres;Marruecos;De 30 a 34 años;30443
Mujeres;Marruecos;De 35 a 39 años;27342
Mujeres;Marruecos;De 40 a 44 años;20305
Mujeres;Marruecos;De 45 a 49 años;14381
Mujeres;Marruecos;De 50 a 54 años;10382
Mujeres;Marruecos;De 55 a 59 años;5926
Mujeres;Marruecos;De 60 a 64 años;5010
Mujeres;Marruecos;De 65 a 69 años;5631
Mujeres;Marruecos;De 70 a 74 años;5413
Mujeres;Marruecos;De 75 a 79 años;3842
Mujeres;Marruecos;De 80 a 84 años;1496
Mujeres;Marruecos;85 y más años;777
Mujeres;Marruecos;No sabe la edad;1146
Mujeres;Resto de países africanos;Total;62872
Mujeres;Resto de países africanos;De 16 a 19 años;2087
Mujeres;Resto de países africanos;De 20 a 24 años;6162
Mujeres;Resto de países africanos;De 25 a 29 años;10390
Mujeres;Resto de países africanos;De 30 a 34 años;11457
Mujeres;Resto de países africanos;De 35 a 39 años;10458
Mujeres;Resto de países africanos;De 40 a 44 años;8064
Mujeres;Resto de países africanos;De 45 a 49 años;5055
Mujeres;Resto de países africanos;De 50 a 54 años;2693
Mujeres;Resto de países africanos;De 55 a 59 años;2430
Mujeres;Resto de países africanos;De 60 a 64 años;1061
Mujeres;Resto de países africanos;De 65 a 69 años;592
Mujeres;Resto de países africanos;De 70 a 74 años;1196
Mujeres;Resto de países africanos;De 75 a 79 años;569
Mujeres;Resto de países africanos;De 80 a 84 años;658
Mujeres;Resto de países africanos;85 y más años;0
Mujeres;Resto de países africanos;No sabe la edad;0
Mujeres;PAÍSES AMERICANOS;Total;987201
Mujeres;PAÍSES AMERICANOS;De 16 a 19 años;57953
Mujeres;PAÍSES AMERICANOS;De 20 a 24 años;113464
Mujeres;PAÍSES AMERICANOS;De 25 a 29 años;149669
Mujeres;PAÍSES AMERICANOS;De 30 a 34 años;170138
Mujeres;PAÍSES AMERICANOS;De 35 a 39 años;134853
Mujeres;PAÍSES AMERICANOS;De 40 a 44 años;120730
Mujeres;PAÍSES AMERICANOS;De 45 a 49 años;78825
Mujeres;PAÍSES AMERICANOS;De 50 a 54 años;54170
Mujeres;PAÍSES AMERICANOS;De 55 a 59 años;36154
Mujeres;PAÍSES AMERICANOS;De 60 a 64 años;24352
Mujeres;PAÍSES AMERICANOS;De 65 a 69 años;12078
Mujeres;PAÍSES AMERICANOS;De 70 a 74 años;10832
Mujeres;PAÍSES AMERICANOS;De 75 a 79 años;8926
Mujeres;PAÍSES AMERICANOS;De 80 a 84 años;5095
Mujeres;PAÍSES AMERICANOS;85 y más años;4347
Mujeres;PAÍSES AMERICANOS;No sabe la edad;5616
Mujeres;Estados Unidos y Canadá;Total;14632
Mujeres;Estados Unidos y Canadá;De 16 a 19 años;935
Mujeres;Estados Unidos y Canadá;De 20 a 24 años;785
Mujeres;Estados Unidos y Canadá;De 25 a 29 años;1144
Mujeres;Estados Unidos y Canadá;De 30 a 34 años;3164
Mujeres;Estados Unidos y Canadá;De 35 a 39 años;1561
Mujeres;Estados Unidos y Canadá;De 40 a 44 años;2587
Mujeres;Estados Unidos y Canadá;De 45 a 49 años;321
Mujeres;Estados Unidos y Canadá;De 50 a 54 años;1035
Mujeres;Estados Unidos y Canadá;De 55 a 59 años;711
Mujeres;Estados Unidos y Canadá;De 60 a 64 años;1079
Mujeres;Estados Unidos y Canadá;De 65 a 69 años;569
Mujeres;Estados Unidos y Canadá;De 70 a 74 años;0
Mujeres;Estados Unidos y Canadá;De 75 a 79 años;0
Mujeres;Estados Unidos y Canadá;De 80 a 84 años;177
Mujeres;Estados Unidos y Canadá;85 y más años;566
Mujeres;Estados Unidos y Canadá;No sabe la edad;0
Mujeres;PAÍSES AMERICANOS SIN ESTADOS UNIDOS NI CANADÁ;Total;972569
Mujeres;PAÍSES AMERICANOS SIN ESTADOS UNIDOS NI CANADÁ;De 16 a 19 años;57019
Mujeres;PAÍSES AMERICANOS SIN ESTADOS UNIDOS NI CANADÁ;De 20 a 24 años;112679
Mujeres;PAÍSES AMERICANOS SIN ESTADOS UNIDOS NI CANADÁ;De 25 a 29 años;148525
Mujeres;PAÍSES AMERICANOS SIN ESTADOS UNIDOS NI CANADÁ;De 30 a 34 años;166974
Mujeres;PAÍSES AMERICANOS SIN ESTADOS UNIDOS NI CANADÁ;De 35 a 39 años;133292
Mujeres;PAÍSES AMERICANOS SIN ESTADOS UNIDOS NI CANADÁ;De 40 a 44 años;118143
Mujeres;PAÍSES AMERICANOS SIN ESTADOS UNIDOS NI CANADÁ;De 45 a 49 años;78504
Mujeres;PAÍSES AMERICANOS SIN ESTADOS UNIDOS NI CANADÁ;De 50 a 54 años;53134
Mujeres;PAÍSES AMERICANOS SIN ESTADOS UNIDOS NI CANADÁ;De 55 a 59 años;35443
Mujeres;PAÍSES AMERICANOS SIN ESTADOS UNIDOS NI CANADÁ;De 60 a 64 años;23273
Mujeres;PAÍSES AMERICANOS SIN ESTADOS UNIDOS NI CANADÁ;De 65 a 69 años;11510
Mujeres;PAÍSES AMERICANOS SIN ESTADOS UNIDOS NI CANADÁ;De 70 a 74 años;10832
Mujeres;PAÍSES AMERICANOS SIN ESTADOS UNIDOS NI CANADÁ;De 75 a 79 años;8926
Mujeres;PAÍSES AMERICANOS SIN ESTADOS UNIDOS NI CANADÁ;De 80 a 84 años;4918
Mujeres;PAÍSES AMERICANOS SIN ESTADOS UNIDOS NI CANADÁ;85 y más años;3781
Mujeres;PAÍSES AMERICANOS SIN ESTADOS UNIDOS NI CANADÁ;No sabe la edad;5616
Mujeres;Ecuador;Total;193264
Mujeres;Ecuador;De 16 a 19 años;15061
Mujeres;Ecuador;De 20 a 24 años;30196
Mujeres;Ecuador;De 25 a 29 años;37216
Mujeres;Ecuador;De 30 a 34 años;38229
Mujeres;Ecuador;De 35 a 39 años;26575
Mujeres;Ecuador;De 40 a 44 años;24557
Mujeres;Ecuador;De 45 a 49 años;10623
Mujeres;Ecuador;De 50 a 54 años;5532
Mujeres;Ecuador;De 55 a 59 años;1016
Mujeres;Ecuador;De 60 a 64 años;972
Mujeres;Ecuador;De 65 a 69 años;585
Mujeres;Ecuador;De 70 a 74 años;620
Mujeres;Ecuador;De 75 a 79 años;177
Mujeres;Ecuador;De 80 a 84 años;362
Mujeres;Ecuador;85 y más años;0
Mujeres;Ecuador;No sabe la edad;1543
Mujeres;Colombia;Total;177886
Mujeres;Colombia;De 16 a 19 años;11868
Mujeres;Colombia;De 20 a 24 años;13253
Mujeres;Colombia;De 25 a 29 años;27289
Mujeres;Colombia;De 30 a 34 años;34080
Mujeres;Colombia;De 35 a 39 años;24886
Mujeres;Colombia;De 40 a 44 años;23753
Mujeres;Colombia;De 45 a 49 años;19621
Mujeres;Colombia;De 50 a 54 años;8004
Mujeres;Colombia;De 55 a 59 años;6563
Mujeres;Colombia;De 60 a 64 años;3557
Mujeres;Colombia;De 65 a 69 años;1206
Mujeres;Colombia;De 70 a 74 años;2658
Mujeres;Colombia;De 75 a 79 años;885
Mujeres;Colombia;De 80 a 84 años;0
Mujeres;Colombia;85 y más años;0
Mujeres;Colombia;No sabe la edad;263
Mujeres;Bolivia;Total;85185
Mujeres;Bolivia;De 16 a 19 años;7816
Mujeres;Bolivia;De 20 a 24 años;17358
Mujeres;Bolivia;De 25 a 29 años;17590
Mujeres;Bolivia;De 30 a 34 años;17713
Mujeres;Bolivia;De 35 a 39 años;8394
Mujeres;Bolivia;De 40 a 44 años;6313
Mujeres;Bolivia;De 45 a 49 años;3520
Mujeres;Bolivia;De 50 a 54 años;1204
Mujeres;Bolivia;De 55 a 59 años;1814
Mujeres;Bolivia;De 60 a 64 años;1330
Mujeres;Bolivia;De 65 a 69 años;470
Mujeres;Bolivia;De 70 a 74 años;0
Mujeres;Bolivia;De 75 a 79 años;0
Mujeres;Bolivia;De 80 a 84 años;44
Mujeres;Bolivia;85 y más años;0
Mujeres;Bolivia;No sabe la edad;1620
Mujeres;Argentina;Total;111666
Mujeres;Argentina;De 16 a 19 años;5586
Mujeres;Argentina;De 20 a 24 años;8934
Mujeres;Argentina;De 25 a 29 años;13524
Mujeres;Argentina;De 30 a 34 años;14666
Mujeres;Argentina;De 35 a 39 años;14364
Mujeres;Argentina;De 40 a 44 años;13293
Mujeres;Argentina;De 45 a 49 años;10635
Mujeres;Argentina;De 50 a 54 años;8841
Mujeres;Argentina;De 55 a 59 años;7134
Mujeres;Argentina;De 60 a 64 años;3406
Mujeres;Argentina;De 65 a 69 años;3154
Mujeres;Argentina;De 70 a 74 años;3559
Mujeres;Argentina;De 75 a 79 años;1892
Mujeres;Argentina;De 80 a 84 años;1036
Mujeres;Argentina;85 y más años;1642
Mujeres;Argentina;No sabe la edad;0
Mujeres;Resto de países americanos sin Estados Unidos ni Canadá;Total;404568
Mujeres;Resto de países americanos sin Estados Unidos ni Canadá;De 16 a 19 años;16688
Mujeres;Resto de países americanos sin Estados Unidos ni Canadá;De 20 a 24 años;42938
Mujeres;Resto de países americanos sin Estados Unidos ni Canadá;De 25 a 29 años;52907
Mujeres;Resto de países americanos sin Estados Unidos ni Canadá;De 30 a 34 años;62287
Mujeres;Resto de países americanos sin Estados Unidos ni Canadá;De 35 a 39 años;59072
Mujeres;Resto de países americanos sin Estados Unidos ni Canadá;De 40 a 44 años;50227
Mujeres;Resto de países americanos sin Estados Unidos ni Canadá;De 45 a 49 años;34106
Mujeres;Resto de países americanos sin Estados Unidos ni Canadá;De 50 a 54 años;29553
Mujeres;Resto de países americanos sin Estados Unidos ni Canadá;De 55 a 59 años;18916
Mujeres;Resto de países americanos sin Estados Unidos ni Canadá;De 60 a 64 años;14008
Mujeres;Resto de países americanos sin Estados Unidos ni Canadá;De 65 a 69 años;6094
Mujeres;Resto de países americanos sin Estados Unidos ni Canadá;De 70 a 74 años;3996
Mujeres;Resto de países americanos sin Estados Unidos ni Canadá;De 75 a 79 años;5972
Mujeres;Resto de países americanos sin Estados Unidos ni Canadá;De 80 a 84 años;3476
Mujeres;Resto de países americanos sin Estados Unidos ni Canadá;85 y más años;2139
Mujeres;Resto de países americanos sin Estados Unidos ni Canadá;No sabe la edad;2189
Mujeres;PAÍSES ASIÁTICOS Y DE OCEANÍA;Total;85069
Mujeres;PAÍSES ASIÁTICOS Y DE OCEANÍA;De 16 a 19 años;1496
Mujeres;PAÍSES ASIÁTICOS Y DE OCEANÍA;De 20 a 24 años;6113
Mujeres;PAÍSES ASIÁTICOS Y DE OCEANÍA;De 25 a 29 años;12624
Mujeres;PAÍSES ASIÁTICOS Y DE OCEANÍA;De 30 a 34 años;8991
Mujeres;PAÍSES ASIÁTICOS Y DE OCEANÍA;De 35 a 39 años;12719
Mujeres;PAÍSES ASIÁTICOS Y DE OCEANÍA;De 40 a 44 años;10941
Mujeres;PAÍSES ASIÁTICOS Y DE OCEANÍA;De 45 a 49 años;10258
Mujeres;PAÍSES ASIÁTICOS Y DE OCEANÍA;De 50 a 54 años;4082
Mujeres;PAÍSES ASIÁTICOS Y DE OCEANÍA;De 55 a 59 años;5589
Mujeres;PAÍSES ASIÁTICOS Y DE OCEANÍA;De 60 a 64 años;3592
Mujeres;PAÍSES ASIÁTICOS Y DE OCEANÍA;De 65 a 69 años;5110
Mujeres;PAÍSES ASIÁTICOS Y DE OCEANÍA;De 70 a 74 años;2358
Mujeres;PAÍSES ASIÁTICOS Y DE OCEANÍA;De 75 a 79 años;473
Mujeres;PAÍSES ASIÁTICOS Y DE OCEANÍA;De 80 a 84 años;723
Mujeres;PAÍSES ASIÁTICOS Y DE OCEANÍA;85 y más años;0
Mujeres;PAÍSES ASIÁTICOS Y DE OCEANÍA;No sabe la edad;0
Mujeres;China;Total;25029
Mujeres;China;De 16 a 19 años;748
Mujeres;China;De 20 a 24 años;5248
Mujeres;China;De 25 a 29 años;5446
Mujeres;China;De 30 a 34 años;2494
Mujeres;China;De 35 a 39 años;4954
Mujeres;China;De 40 a 44 años;2839
Mujeres;China;De 45 a 49 años;679
Mujeres;China;De 50 a 54 años;1008
Mujeres;China;De 55 a 59 años;594
Mujeres;China;De 60 a 64 años;0
Mujeres;China;De 65 a 69 años;0
Mujeres;China;De 70 a 74 años;1019
Mujeres;China;De 75 a 79 años;0
Mujeres;China;De 80 a 84 años;0
Mujeres;China;85 y más años;0
Mujeres;China;No sabe la edad;0
Mujeres;Resto de países asiáticos y de Oceanía;Total;60039
Mujeres;Resto de países asiáticos y de Oceanía;De 16 a 19 años;747
Mujeres;Resto de países asiáticos y de Oceanía;De 20 a 24 años;865
Mujeres;Resto de países asiáticos y de Oceanía;De 25 a 29 años;7178
Mujeres;Resto de países asiáticos y de Oceanía;De 30 a 34 años;6497
Mujeres;Resto de países asiáticos y de Oceanía;De 35 a 39 años;7765
Mujeres;Resto de países asiáticos y de Oceanía;De 40 a 44 años;8102
Mujeres;Resto de países asiáticos y de Oceanía;De 45 a 49 años;9578
Mujeres;Resto de países asiáticos y de Oceanía;De 50 a 54 años;3074
Mujeres;Resto de países asiáticos y de Oceanía;De 55 a 59 años;4995
Mujeres;Resto de países asiáticos y de Oceanía;De 60 a 64 años;3592
Mujeres;Resto de países asiáticos y de Oceanía;De 65 a 69 años;5110
Mujeres;Resto de países asiáticos y de Oceanía;De 70 a 74 años;1339
Mujeres;Resto de países asiáticos y de Oceanía;De 75 a 79 años;473
Mujeres;Resto de países asiáticos y de Oceanía;De 80 a 84 años;723
Mujeres;Resto de países asiáticos y de Oceanía;85 y más años;0
Mujeres;Resto de países asiáticos y de Oceanía;No sabe la edad;0
